mysqldump: [Warning] Using a password on the command line interface can be insecure.
-- MySQL dump 10.13  Distrib 5.7.21, for Linux (x86_64)
--
-- Host: localhost    Database: forum
-- ------------------------------------------------------
-- Server version	5.7.21

/*!40101 SET @OLD_CHARACTER_SET_CLIENT=@@CHARACTER_SET_CLIENT */;
/*!40101 SET @OLD_CHARACTER_SET_RESULTS=@@CHARACTER_SET_RESULTS */;
/*!40101 SET @OLD_COLLATION_CONNECTION=@@COLLATION_CONNECTION */;
/*!40101 SET NAMES utf8 */;
/*!40103 SET @OLD_TIME_ZONE=@@TIME_ZONE */;
/*!40103 SET TIME_ZONE='+00:00' */;
/*!40014 SET @OLD_UNIQUE_CHECKS=@@UNIQUE_CHECKS, UNIQUE_CHECKS=0 */;
/*!40014 SET @OLD_FOREIGN_KEY_CHECKS=@@FOREIGN_KEY_CHECKS, FOREIGN_KEY_CHECKS=0 */;
/*!40101 SET @OLD_SQL_MODE=@@SQL_MODE, SQL_MODE='NO_AUTO_VALUE_ON_ZERO' */;
/*!40111 SET @OLD_SQL_NOTES=@@SQL_NOTES, SQL_NOTES=0 */;

--
-- Table structure for table `auth_group`
--

DROP TABLE IF EXISTS `auth_group`;
/*!40101 SET @saved_cs_client     = @@character_set_client */;
/*!40101 SET character_set_client = utf8 */;
CREATE TABLE `auth_group` (
  `id` int(11) NOT NULL AUTO_INCREMENT,
  `name` varchar(80) NOT NULL,
  PRIMARY KEY (`id`),
  UNIQUE KEY `name` (`name`)
) ENGINE=InnoDB DEFAULT CHARSET=latin1;
/*!40101 SET character_set_client = @saved_cs_client */;

--
-- Dumping data for table `auth_group`
--

LOCK TABLES `auth_group` WRITE;
/*!40000 ALTER TABLE `auth_group` DISABLE KEYS */;
/*!40000 ALTER TABLE `auth_group` ENABLE KEYS */;
UNLOCK TABLES;

--
-- Table structure for table `auth_group_permissions`
--

DROP TABLE IF EXISTS `auth_group_permissions`;
/*!40101 SET @saved_cs_client     = @@character_set_client */;
/*!40101 SET character_set_client = utf8 */;
CREATE TABLE `auth_group_permissions` (
  `id` int(11) NOT NULL AUTO_INCREMENT,
  `group_id` int(11) NOT NULL,
  `permission_id` int(11) NOT NULL,
  PRIMARY KEY (`id`),
  UNIQUE KEY `auth_group_permissions_group_id_permission_id_0cd325b0_uniq` (`group_id`,`permission_id`),
  KEY `auth_group_permissio_permission_id_84c5c92e_fk_auth_perm` (`permission_id`),
  CONSTRAINT `auth_group_permissio_permission_id_84c5c92e_fk_auth_perm` FOREIGN KEY (`permission_id`) REFERENCES `auth_permission` (`id`),
  CONSTRAINT `auth_group_permissions_group_id_b120cbf9_fk_auth_group_id` FOREIGN KEY (`group_id`) REFERENCES `auth_group` (`id`)
) ENGINE=InnoDB DEFAULT CHARSET=latin1;
/*!40101 SET character_set_client = @saved_cs_client */;

--
-- Dumping data for table `auth_group_permissions`
--

LOCK TABLES `auth_group_permissions` WRITE;
/*!40000 ALTER TABLE `auth_group_permissions` DISABLE KEYS */;
/*!40000 ALTER TABLE `auth_group_permissions` ENABLE KEYS */;
UNLOCK TABLES;

--
-- Table structure for table `auth_permission`
--

DROP TABLE IF EXISTS `auth_permission`;
/*!40101 SET @saved_cs_client     = @@character_set_client */;
/*!40101 SET character_set_client = utf8 */;
CREATE TABLE `auth_permission` (
  `id` int(11) NOT NULL AUTO_INCREMENT,
  `name` varchar(255) NOT NULL,
  `content_type_id` int(11) NOT NULL,
  `codename` varchar(100) NOT NULL,
  PRIMARY KEY (`id`),
  UNIQUE KEY `auth_permission_content_type_id_codename_01ab375a_uniq` (`content_type_id`,`codename`),
  CONSTRAINT `auth_permission_content_type_id_2f476e4b_fk_django_co` FOREIGN KEY (`content_type_id`) REFERENCES `django_content_type` (`id`)
) ENGINE=InnoDB AUTO_INCREMENT=58 DEFAULT CHARSET=latin1;
/*!40101 SET character_set_client = @saved_cs_client */;

--
-- Dumping data for table `auth_permission`
--

LOCK TABLES `auth_permission` WRITE;
/*!40000 ALTER TABLE `auth_permission` DISABLE KEYS */;
INSERT INTO `auth_permission` VALUES (1,'Can add log entry',1,'add_logentry'),(2,'Can change log entry',1,'change_logentry'),(3,'Can delete log entry',1,'delete_logentry'),(4,'Can add permission',2,'add_permission'),(5,'Can change permission',2,'change_permission'),(6,'Can delete permission',2,'delete_permission'),(7,'Can add group',3,'add_group'),(8,'Can change group',3,'change_group'),(9,'Can delete group',3,'delete_group'),(10,'Can add user',4,'add_user'),(11,'Can change user',4,'change_user'),(12,'Can delete user',4,'delete_user'),(13,'Can add content type',5,'add_contenttype'),(14,'Can change content type',5,'change_contenttype'),(15,'Can delete content type',5,'delete_contenttype'),(16,'Can add session',6,'add_session'),(17,'Can change session',6,'change_session'),(18,'Can delete session',6,'delete_session'),(19,'Can add Forum',7,'add_forum'),(20,'Can change Forum',7,'change_forum'),(21,'Can delete Forum',7,'delete_forum'),(22,'Can add Post',8,'add_post'),(23,'Can change Post',8,'change_post'),(24,'Can delete Post',8,'delete_post'),(25,'Can add Topic',9,'add_topic'),(26,'Can change Topic',9,'change_topic'),(27,'Can delete Topic',9,'delete_topic'),(28,'Can add Attachment',10,'add_attachment'),(29,'Can change Attachment',10,'change_attachment'),(30,'Can delete Attachment',10,'delete_attachment'),(31,'Can add Topic poll',11,'add_topicpoll'),(32,'Can change Topic poll',11,'change_topicpoll'),(33,'Can delete Topic poll',11,'delete_topicpoll'),(34,'Can add Topic poll option',12,'add_topicpolloption'),(35,'Can change Topic poll option',12,'change_topicpolloption'),(36,'Can delete Topic poll option',12,'delete_topicpolloption'),(37,'Can add Topic poll vote',13,'add_topicpollvote'),(38,'Can change Topic poll vote',13,'change_topicpollvote'),(39,'Can delete Topic poll vote',13,'delete_topicpollvote'),(40,'Can add Forum track',14,'add_forumreadtrack'),(41,'Can change Forum track',14,'change_forumreadtrack'),(42,'Can delete Forum track',14,'delete_forumreadtrack'),(43,'Can add Topic track',15,'add_topicreadtrack'),(44,'Can change Topic track',15,'change_topicreadtrack'),(45,'Can delete Topic track',15,'delete_topicreadtrack'),(46,'Can add Forum profile',16,'add_forumprofile'),(47,'Can change Forum profile',16,'change_forumprofile'),(48,'Can delete Forum profile',16,'delete_forumprofile'),(49,'Can add Forum permission',17,'add_forumpermission'),(50,'Can change Forum permission',17,'change_forumpermission'),(51,'Can delete Forum permission',17,'delete_forumpermission'),(52,'Can add Group forum permission',18,'add_groupforumpermission'),(53,'Can change Group forum permission',18,'change_groupforumpermission'),(54,'Can delete Group forum permission',18,'delete_groupforumpermission'),(55,'Can add User forum permission',19,'add_userforumpermission'),(56,'Can change User forum permission',19,'change_userforumpermission'),(57,'Can delete User forum permission',19,'delete_userforumpermission');
/*!40000 ALTER TABLE `auth_permission` ENABLE KEYS */;
UNLOCK TABLES;

--
-- Table structure for table `auth_user`
--

DROP TABLE IF EXISTS `auth_user`;
/*!40101 SET @saved_cs_client     = @@character_set_client */;
/*!40101 SET character_set_client = utf8 */;
CREATE TABLE `auth_user` (
  `id` int(11) NOT NULL AUTO_INCREMENT,
  `password` varchar(128) NOT NULL,
  `last_login` datetime(6) DEFAULT NULL,
  `is_superuser` tinyint(1) NOT NULL,
  `username` varchar(150) NOT NULL,
  `first_name` varchar(30) NOT NULL,
  `last_name` varchar(150) NOT NULL,
  `email` varchar(254) NOT NULL,
  `is_staff` tinyint(1) NOT NULL,
  `is_active` tinyint(1) NOT NULL,
  `date_joined` datetime(6) NOT NULL,
  PRIMARY KEY (`id`),
  UNIQUE KEY `username` (`username`)
) ENGINE=InnoDB AUTO_INCREMENT=4 DEFAULT CHARSET=latin1;
/*!40101 SET character_set_client = @saved_cs_client */;

--
-- Dumping data for table `auth_user`
--

LOCK TABLES `auth_user` WRITE;
/*!40000 ALTER TABLE `auth_user` DISABLE KEYS */;
INSERT INTO `auth_user` VALUES (1,'pbkdf2_sha256$100000$YObTXqwUEUhm$I+Xap3Df9UoZPYXI4oB+ZAJuAQHh4iQbcaskSmGOdNg=','2018-08-19 08:34:35.654436',1,'admin','','','ben.r.casey@gmail.com',1,1,'2018-07-29 08:17:06.867378'),(2,'pbkdf2_sha256$100000$GxeWgxOGJIO3$08rQpUs0Te5BkF8xGtG2iJDemCXi6U8JUmMPM5ZBMR8=','2018-08-01 19:50:10.587372',0,'ben','','','',0,1,'2018-08-01 19:24:42.134548'),(3,'pbkdf2_sha256$100000$PO9Tx71LZAXx$4B97KFXM96CqpDySKOy+KTz+X+N3hROtchemqu3yNvc=','2018-08-01 19:43:16.850086',0,'bob','','','',0,1,'2018-08-01 19:43:16.626068');
/*!40000 ALTER TABLE `auth_user` ENABLE KEYS */;
UNLOCK TABLES;

--
-- Table structure for table `auth_user_groups`
--

DROP TABLE IF EXISTS `auth_user_groups`;
/*!40101 SET @saved_cs_client     = @@character_set_client */;
/*!40101 SET character_set_client = utf8 */;
CREATE TABLE `auth_user_groups` (
  `id` int(11) NOT NULL AUTO_INCREMENT,
  `user_id` int(11) NOT NULL,
  `group_id` int(11) NOT NULL,
  PRIMARY KEY (`id`),
  UNIQUE KEY `auth_user_groups_user_id_group_id_94350c0c_uniq` (`user_id`,`group_id`),
  KEY `auth_user_groups_group_id_97559544_fk_auth_group_id` (`group_id`),
  CONSTRAINT `auth_user_groups_group_id_97559544_fk_auth_group_id` FOREIGN KEY (`group_id`) REFERENCES `auth_group` (`id`),
  CONSTRAINT `auth_user_groups_user_id_6a12ed8b_fk_auth_user_id` FOREIGN KEY (`user_id`) REFERENCES `auth_user` (`id`)
) ENGINE=InnoDB DEFAULT CHARSET=latin1;
/*!40101 SET character_set_client = @saved_cs_client */;

--
-- Dumping data for table `auth_user_groups`
--

LOCK TABLES `auth_user_groups` WRITE;
/*!40000 ALTER TABLE `auth_user_groups` DISABLE KEYS */;
/*!40000 ALTER TABLE `auth_user_groups` ENABLE KEYS */;
UNLOCK TABLES;

--
-- Table structure for table `auth_user_user_permissions`
--

DROP TABLE IF EXISTS `auth_user_user_permissions`;
/*!40101 SET @saved_cs_client     = @@character_set_client */;
/*!40101 SET character_set_client = utf8 */;
CREATE TABLE `auth_user_user_permissions` (
  `id` int(11) NOT NULL AUTO_INCREMENT,
  `user_id` int(11) NOT NULL,
  `permission_id` int(11) NOT NULL,
  PRIMARY KEY (`id`),
  UNIQUE KEY `auth_user_user_permissions_user_id_permission_id_14a6b632_uniq` (`user_id`,`permission_id`),
  KEY `auth_user_user_permi_permission_id_1fbb5f2c_fk_auth_perm` (`permission_id`),
  CONSTRAINT `auth_user_user_permi_permission_id_1fbb5f2c_fk_auth_perm` FOREIGN KEY (`permission_id`) REFERENCES `auth_permission` (`id`),
  CONSTRAINT `auth_user_user_permissions_user_id_a95ead1b_fk_auth_user_id` FOREIGN KEY (`user_id`) REFERENCES `auth_user` (`id`)
) ENGINE=InnoDB DEFAULT CHARSET=latin1;
/*!40101 SET character_set_client = @saved_cs_client */;

--
-- Dumping data for table `auth_user_user_permissions`
--

LOCK TABLES `auth_user_user_permissions` WRITE;
/*!40000 ALTER TABLE `auth_user_user_permissions` DISABLE KEYS */;
/*!40000 ALTER TABLE `auth_user_user_permissions` ENABLE KEYS */;
UNLOCK TABLES;

--
-- Table structure for table `django_admin_log`
--

DROP TABLE IF EXISTS `django_admin_log`;
/*!40101 SET @saved_cs_client     = @@character_set_client */;
/*!40101 SET character_set_client = utf8 */;
CREATE TABLE `django_admin_log` (
  `id` int(11) NOT NULL AUTO_INCREMENT,
  `action_time` datetime(6) NOT NULL,
  `object_id` longtext,
  `object_repr` varchar(200) NOT NULL,
  `action_flag` smallint(5) unsigned NOT NULL,
  `change_message` longtext NOT NULL,
  `content_type_id` int(11) DEFAULT NULL,
  `user_id` int(11) NOT NULL,
  PRIMARY KEY (`id`),
  KEY `django_admin_log_content_type_id_c4bce8eb_fk_django_co` (`content_type_id`),
  KEY `django_admin_log_user_id_c564eba6_fk` (`user_id`),
  CONSTRAINT `django_admin_log_content_type_id_c4bce8eb_fk_django_co` FOREIGN KEY (`content_type_id`) REFERENCES `django_content_type` (`id`),
  CONSTRAINT `django_admin_log_user_id_c564eba6_fk` FOREIGN KEY (`user_id`) REFERENCES `auth_user` (`id`)
) ENGINE=InnoDB AUTO_INCREMENT=2 DEFAULT CHARSET=latin1;
/*!40101 SET character_set_client = @saved_cs_client */;

--
-- Dumping data for table `django_admin_log`
--

LOCK TABLES `django_admin_log` WRITE;
/*!40000 ALTER TABLE `django_admin_log` DISABLE KEYS */;
INSERT INTO `django_admin_log` VALUES (1,'2018-08-01 19:36:02.657910','1','Q&A',1,'[{\"added\": {}}]',7,1);
/*!40000 ALTER TABLE `django_admin_log` ENABLE KEYS */;
UNLOCK TABLES;

--
-- Table structure for table `django_content_type`
--

DROP TABLE IF EXISTS `django_content_type`;
/*!40101 SET @saved_cs_client     = @@character_set_client */;
/*!40101 SET character_set_client = utf8 */;
CREATE TABLE `django_content_type` (
  `id` int(11) NOT NULL AUTO_INCREMENT,
  `app_label` varchar(100) NOT NULL,
  `model` varchar(100) NOT NULL,
  PRIMARY KEY (`id`),
  UNIQUE KEY `django_content_type_app_label_model_76bd3d3b_uniq` (`app_label`,`model`)
) ENGINE=InnoDB AUTO_INCREMENT=20 DEFAULT CHARSET=latin1;
/*!40101 SET character_set_client = @saved_cs_client */;

--
-- Dumping data for table `django_content_type`
--

LOCK TABLES `django_content_type` WRITE;
/*!40000 ALTER TABLE `django_content_type` DISABLE KEYS */;
INSERT INTO `django_content_type` VALUES (1,'admin','logentry'),(3,'auth','group'),(2,'auth','permission'),(4,'auth','user'),(5,'contenttypes','contenttype'),(7,'forum','forum'),(10,'forum_attachments','attachment'),(8,'forum_conversation','post'),(9,'forum_conversation','topic'),(16,'forum_member','forumprofile'),(17,'forum_permission','forumpermission'),(18,'forum_permission','groupforumpermission'),(19,'forum_permission','userforumpermission'),(11,'forum_polls','topicpoll'),(12,'forum_polls','topicpolloption'),(13,'forum_polls','topicpollvote'),(14,'forum_tracking','forumreadtrack'),(15,'forum_tracking','topicreadtrack'),(6,'sessions','session');
/*!40000 ALTER TABLE `django_content_type` ENABLE KEYS */;
UNLOCK TABLES;

--
-- Table structure for table `django_migrations`
--

DROP TABLE IF EXISTS `django_migrations`;
/*!40101 SET @saved_cs_client     = @@character_set_client */;
/*!40101 SET character_set_client = utf8 */;
CREATE TABLE `django_migrations` (
  `id` int(11) NOT NULL AUTO_INCREMENT,
  `app` varchar(255) NOT NULL,
  `name` varchar(255) NOT NULL,
  `applied` datetime(6) NOT NULL,
  PRIMARY KEY (`id`)
) ENGINE=InnoDB AUTO_INCREMENT=45 DEFAULT CHARSET=latin1;
/*!40101 SET character_set_client = @saved_cs_client */;

--
-- Dumping data for table `django_migrations`
--

LOCK TABLES `django_migrations` WRITE;
/*!40000 ALTER TABLE `django_migrations` DISABLE KEYS */;
INSERT INTO `django_migrations` VALUES (1,'contenttypes','0001_initial','2018-07-29 08:12:20.402003'),(2,'auth','0001_initial','2018-07-29 08:12:20.745461'),(3,'admin','0001_initial','2018-07-29 08:12:20.831424'),(4,'admin','0002_logentry_remove_auto_add','2018-07-29 08:12:20.845351'),(5,'contenttypes','0002_remove_content_type_name','2018-07-29 08:12:20.917211'),(6,'auth','0002_alter_permission_name_max_length','2018-07-29 08:12:20.928322'),(7,'auth','0003_alter_user_email_max_length','2018-07-29 08:12:20.953053'),(8,'auth','0004_alter_user_username_opts','2018-07-29 08:12:20.969127'),(9,'auth','0005_alter_user_last_login_null','2018-07-29 08:12:21.022960'),(10,'auth','0006_require_contenttypes_0002','2018-07-29 08:12:21.026775'),(11,'auth','0007_alter_validators_add_error_messages','2018-07-29 08:12:21.053873'),(12,'auth','0008_alter_user_username_max_length','2018-07-29 08:12:21.142182'),(13,'auth','0009_alter_user_last_name_max_length','2018-07-29 08:12:21.165657'),(14,'forum','0001_initial','2018-07-29 08:12:21.318301'),(15,'forum_conversation','0001_initial','2018-07-29 08:12:21.645952'),(16,'forum_conversation','0002_post_anonymous_key','2018-07-29 08:12:21.686997'),(17,'forum_conversation','0003_auto_20160228_2051','2018-07-29 08:12:21.709168'),(18,'forum_conversation','0004_auto_20160427_0502','2018-07-29 08:12:21.803593'),(19,'forum_conversation','0005_auto_20160607_0455','2018-07-29 08:12:21.865151'),(20,'forum_conversation','0006_post_enable_signature','2018-07-29 08:12:21.924695'),(21,'forum_conversation','0007_auto_20160903_0450','2018-07-29 08:12:22.087736'),(22,'forum_conversation','0008_auto_20160903_0512','2018-07-29 08:12:22.118734'),(23,'forum_conversation','0009_auto_20160925_2126','2018-07-29 08:12:22.147835'),(24,'forum_conversation','0010_auto_20170120_0224','2018-07-29 08:12:22.229800'),(25,'forum','0002_auto_20150725_0512','2018-07-29 08:12:22.245527'),(26,'forum','0003_remove_forum_is_active','2018-07-29 08:12:22.293396'),(27,'forum','0004_auto_20170504_2108','2018-07-29 08:12:22.381469'),(28,'forum','0005_auto_20170504_2113','2018-07-29 08:12:22.404018'),(29,'forum','0006_auto_20170523_2036','2018-07-29 08:12:22.490285'),(30,'forum','0007_auto_20170523_2140','2018-07-29 08:12:22.516744'),(31,'forum','0008_forum_last_post','2018-07-29 08:12:22.606550'),(32,'forum','0009_auto_20170928_2327','2018-07-29 08:12:22.631055'),(33,'forum_attachments','0001_initial','2018-07-29 08:12:22.700318'),(34,'forum_member','0001_initial','2018-07-29 08:12:22.800089'),(35,'forum_member','0002_auto_20160225_0515','2018-07-29 08:12:22.816744'),(36,'forum_member','0003_auto_20160227_2122','2018-07-29 08:12:22.837203'),(37,'forum_permission','0001_initial','2018-07-29 08:12:23.145296'),(38,'forum_permission','0002_auto_20160607_0500','2018-07-29 08:12:23.265666'),(39,'forum_permission','0003_remove_forumpermission_name','2018-07-29 08:12:23.304447'),(40,'forum_polls','0001_initial','2018-07-29 08:12:23.475334'),(41,'forum_polls','0002_auto_20151105_0029','2018-07-29 08:12:23.577651'),(42,'forum_tracking','0001_initial','2018-07-29 08:12:23.778610'),(43,'forum_tracking','0002_auto_20160607_0502','2018-07-29 08:12:23.844221'),(44,'sessions','0001_initial','2018-07-29 08:12:23.879036');
/*!40000 ALTER TABLE `django_migrations` ENABLE KEYS */;
UNLOCK TABLES;

--
-- Table structure for table `django_session`
--

DROP TABLE IF EXISTS `django_session`;
/*!40101 SET @saved_cs_client     = @@character_set_client */;
/*!40101 SET character_set_client = utf8 */;
CREATE TABLE `django_session` (
  `session_key` varchar(40) NOT NULL,
  `session_data` longtext NOT NULL,
  `expire_date` datetime(6) NOT NULL,
  PRIMARY KEY (`session_key`),
  KEY `django_session_expire_date_a5c62663` (`expire_date`)
) ENGINE=InnoDB DEFAULT CHARSET=latin1;
/*!40101 SET character_set_client = @saved_cs_client */;

--
-- Dumping data for table `django_session`
--

LOCK TABLES `django_session` WRITE;
/*!40000 ALTER TABLE `django_session` DISABLE KEYS */;
INSERT INTO `django_session` VALUES ('60vkdk7jo05qvigxsjgp6h2dl4h2l11n','Y2MyNDZiMzFiMmMxNDIyMzU1YzMzZTk4NmQzZTU3NmEzZWQ3NTMyOTp7Il9hbm9ueW1vdXNfZm9ydW1fa2V5IjoiZWNiODJmYjA0YzdkNDRmOTllZTcyZTViNmRkMWEwNDQiLCJfYXV0aF91c2VyX2lkIjoiMSIsIl9hdXRoX3VzZXJfYmFja2VuZCI6ImRqYW5nby5jb250cmliLmF1dGguYmFja2VuZHMuTW9kZWxCYWNrZW5kIiwiX2F1dGhfdXNlcl9oYXNoIjoiNjVkOTYyZmFlY2M1NDAxNWMzOWUzYWFjODg0ZGI5ZTliMTVkMDVhZSJ9','2018-09-02 08:34:35.658546'),('eqs5jgypmc6l6a6yjba20tu11gmveehv','MzI3YWIwNzhmODJiZjViMjdkMjZmYmY5ZDU2YjNiZDM2MjE0MzQxZTp7Il9hbm9ueW1vdXNfZm9ydW1fa2V5IjoiNTVjZjI4MTg2YzEwNDNjMWFiZmY4Y2ViMTg0MTIzMzgifQ==','2018-09-02 08:36:15.475601'),('pd2kbtzks0thkb2c2d4vcouddu7vy296','MzZlZjk3ZGJjOTczOTdjNTQyNjA3OTA2MTU2YTIyOTM4ZGFkOGYxNTp7Il9hbm9ueW1vdXNfZm9ydW1fa2V5IjoiNmFjNmVjYTlhMTUwNDZlYWE2ZDJiZjM5Y2NjODBlYjUiLCJfYXV0aF91c2VyX2lkIjoiMSIsIl9hdXRoX3VzZXJfYmFja2VuZCI6ImRqYW5nby5jb250cmliLmF1dGguYmFja2VuZHMuTW9kZWxCYWNrZW5kIiwiX2F1dGhfdXNlcl9oYXNoIjoiNjVkOTYyZmFlY2M1NDAxNWMzOWUzYWFjODg0ZGI5ZTliMTVkMDVhZSJ9','2018-08-15 19:23:35.259134'),('s482rmp6zzdochy8v82oxjla9io5fh9k','NDNkMzFiZmU2NDYyYTE1ODhmYTFjMGM0M2RjNjI5ZGRlOGU2YjE4MDp7Il9hbm9ueW1vdXNfZm9ydW1fa2V5IjoiNGFkOTJkMTAxOTQ4NGNhN2E5ZDhhNTI5NzM3Y2Y5NmYiLCJfYXV0aF91c2VyX2lkIjoiMSIsIl9hdXRoX3VzZXJfYmFja2VuZCI6ImRqYW5nby5jb250cmliLmF1dGguYmFja2VuZHMuTW9kZWxCYWNrZW5kIiwiX2F1dGhfdXNlcl9oYXNoIjoiNjVkOTYyZmFlY2M1NDAxNWMzOWUzYWFjODg0ZGI5ZTliMTVkMDVhZSJ9','2018-08-12 08:17:15.631092'),('sb3agoigcoc4uhoxlaimrf5sf3idtqph','YjQ5ZjZjOWExMmRjNzdkMmFjNzc2YWVlMDc1Nzc2YTNiZDhiNDViNDp7Il9hbm9ueW1vdXNfZm9ydW1fa2V5IjoiMzExNGU0NzhhNmRiNDAwYWExMGU2NTZmOTA3MGU3ZWYiLCJfYXV0aF91c2VyX2lkIjoiMiIsIl9hdXRoX3VzZXJfYmFja2VuZCI6ImRqYW5nby5jb250cmliLmF1dGguYmFja2VuZHMuTW9kZWxCYWNrZW5kIiwiX2F1dGhfdXNlcl9oYXNoIjoiYmQ3NWI4YzA3OTE3ZGFiNjIwNWEzYzNiMDAwOWVlZWI4ZjVkNGYxYSJ9','2018-08-15 19:50:10.620042');
/*!40000 ALTER TABLE `django_session` ENABLE KEYS */;
UNLOCK TABLES;

--
-- Table structure for table `forum_attachments_attachment`
--

DROP TABLE IF EXISTS `forum_attachments_attachment`;
/*!40101 SET @saved_cs_client     = @@character_set_client */;
/*!40101 SET character_set_client = utf8 */;
CREATE TABLE `forum_attachments_attachment` (
  `id` int(11) NOT NULL AUTO_INCREMENT,
  `file` varchar(100) NOT NULL,
  `comment` varchar(255) DEFAULT NULL,
  `post_id` int(11) NOT NULL,
  PRIMARY KEY (`id`),
  KEY `forum_attachments_at_post_id_0476a843_fk_forum_con` (`post_id`),
  CONSTRAINT `forum_attachments_at_post_id_0476a843_fk_forum_con` FOREIGN KEY (`post_id`) REFERENCES `forum_conversation_post` (`id`)
) ENGINE=InnoDB DEFAULT CHARSET=latin1;
/*!40101 SET character_set_client = @saved_cs_client */;

--
-- Dumping data for table `forum_attachments_attachment`
--

LOCK TABLES `forum_attachments_attachment` WRITE;
/*!40000 ALTER TABLE `forum_attachments_attachment` DISABLE KEYS */;
/*!40000 ALTER TABLE `forum_attachments_attachment` ENABLE KEYS */;
UNLOCK TABLES;

--
-- Table structure for table `forum_conversation_post`
--

DROP TABLE IF EXISTS `forum_conversation_post`;
/*!40101 SET @saved_cs_client     = @@character_set_client */;
/*!40101 SET character_set_client = utf8 */;
CREATE TABLE `forum_conversation_post` (
  `id` int(11) NOT NULL AUTO_INCREMENT,
  `created` datetime(6) NOT NULL,
  `updated` datetime(6) NOT NULL,
  `poster_ip` char(39) DEFAULT NULL,
  `subject` varchar(255) NOT NULL,
  `content` longtext NOT NULL,
  `username` varchar(155) DEFAULT NULL,
  `approved` tinyint(1) NOT NULL,
  `update_reason` varchar(255) DEFAULT NULL,
  `updates_count` int(10) unsigned NOT NULL,
  `_content_rendered` longtext,
  `poster_id` int(11) DEFAULT NULL,
  `topic_id` int(11) NOT NULL,
  `updated_by_id` int(11) DEFAULT NULL,
  `anonymous_key` varchar(100) DEFAULT NULL,
  `enable_signature` tinyint(1) NOT NULL,
  PRIMARY KEY (`id`),
  KEY `forum_conversation_post_poster_id_19c4e995_fk_auth_user_id` (`poster_id`),
  KEY `forum_conversation_p_topic_id_f6aaa418_fk_forum_con` (`topic_id`),
  KEY `forum_conversation_post_updated_by_id_86093355_fk_auth_user_id` (`updated_by_id`),
  KEY `forum_conversation_post_approved_a1090910` (`approved`),
  KEY `forum_conversation_post_enable_signature_b1ce8b55` (`enable_signature`),
  CONSTRAINT `forum_conversation_p_topic_id_f6aaa418_fk_forum_con` FOREIGN KEY (`topic_id`) REFERENCES `forum_conversation_topic` (`id`),
  CONSTRAINT `forum_conversation_post_poster_id_19c4e995_fk_auth_user_id` FOREIGN KEY (`poster_id`) REFERENCES `auth_user` (`id`),
  CONSTRAINT `forum_conversation_post_updated_by_id_86093355_fk_auth_user_id` FOREIGN KEY (`updated_by_id`) REFERENCES `auth_user` (`id`)
) ENGINE=InnoDB AUTO_INCREMENT=3 DEFAULT CHARSET=latin1;
/*!40101 SET character_set_client = @saved_cs_client */;

--
-- Dumping data for table `forum_conversation_post`
--

LOCK TABLES `forum_conversation_post` WRITE;
/*!40000 ALTER TABLE `forum_conversation_post` DISABLE KEYS */;
INSERT INTO `forum_conversation_post` VALUES (1,'2018-08-01 19:40:32.915110','2018-08-01 19:40:32.915224','172.19.0.1','This is a post in the forum','This is the message body.',NULL,1,NULL,0,'<p>This is the message body.</p>',2,1,NULL,NULL,0),(2,'2018-08-01 19:44:02.569120','2018-08-01 19:44:02.569224','172.19.0.1','Re: This is a post in the forum','This is a reply to the post.',NULL,1,NULL,0,'<p>This is a reply to the post.</p>',3,1,NULL,NULL,1);
/*!40000 ALTER TABLE `forum_conversation_post` ENABLE KEYS */;
UNLOCK TABLES;

--
-- Table structure for table `forum_conversation_topic`
--

DROP TABLE IF EXISTS `forum_conversation_topic`;
/*!40101 SET @saved_cs_client     = @@character_set_client */;
/*!40101 SET character_set_client = utf8 */;
CREATE TABLE `forum_conversation_topic` (
  `id` int(11) NOT NULL AUTO_INCREMENT,
  `created` datetime(6) NOT NULL,
  `updated` datetime(6) NOT NULL,
  `subject` varchar(255) NOT NULL,
  `slug` varchar(255) NOT NULL,
  `type` smallint(5) unsigned NOT NULL,
  `status` int(10) unsigned NOT NULL,
  `approved` tinyint(1) NOT NULL,
  `posts_count` int(10) unsigned NOT NULL,
  `views_count` int(10) unsigned NOT NULL,
  `last_post_on` datetime(6) DEFAULT NULL,
  `forum_id` int(11) NOT NULL,
  `poster_id` int(11) DEFAULT NULL,
  `first_post_id` int(11) DEFAULT NULL,
  `last_post_id` int(11) DEFAULT NULL,
  PRIMARY KEY (`id`),
  KEY `forum_conversation_topic_forum_id_e9cfe592_fk_forum_forum_id` (`forum_id`),
  KEY `forum_conversation_topic_poster_id_0dd4fa07_fk_auth_user_id` (`poster_id`),
  KEY `forum_conversation_topic_slug_c74ce2cc` (`slug`),
  KEY `forum_conversation_topic_type_92971eb5` (`type`),
  KEY `forum_conversation_topic_status_e78d0ae4` (`status`),
  KEY `forum_conversation_topic_approved_ad3fcbf9` (`approved`),
  KEY `forum_conversation_t_last_post_id_e14396a2_fk_forum_con` (`last_post_id`),
  KEY `forum_conversation_t_first_post_id_ca473bd1_fk_forum_con` (`first_post_id`),
  CONSTRAINT `forum_conversation_t_first_post_id_ca473bd1_fk_forum_con` FOREIGN KEY (`first_post_id`) REFERENCES `forum_conversation_post` (`id`),
  CONSTRAINT `forum_conversation_t_last_post_id_e14396a2_fk_forum_con` FOREIGN KEY (`last_post_id`) REFERENCES `forum_conversation_post` (`id`),
  CONSTRAINT `forum_conversation_topic_forum_id_e9cfe592_fk_forum_forum_id` FOREIGN KEY (`forum_id`) REFERENCES `forum_forum` (`id`),
  CONSTRAINT `forum_conversation_topic_poster_id_0dd4fa07_fk_auth_user_id` FOREIGN KEY (`poster_id`) REFERENCES `auth_user` (`id`)
) ENGINE=InnoDB AUTO_INCREMENT=2 DEFAULT CHARSET=latin1;
/*!40101 SET character_set_client = @saved_cs_client */;

--
-- Dumping data for table `forum_conversation_topic`
--

LOCK TABLES `forum_conversation_topic` WRITE;
/*!40000 ALTER TABLE `forum_conversation_topic` DISABLE KEYS */;
INSERT INTO `forum_conversation_topic` VALUES (1,'2018-08-01 19:40:32.890625','2018-08-01 19:44:02.584061','This is a post in the forum','this-is-a-post-in-the-forum',0,0,1,2,10,'2018-08-01 19:44:02.569120',1,2,1,2);
/*!40000 ALTER TABLE `forum_conversation_topic` ENABLE KEYS */;
UNLOCK TABLES;

--
-- Table structure for table `forum_conversation_topic_subscribers`
--

DROP TABLE IF EXISTS `forum_conversation_topic_subscribers`;
/*!40101 SET @saved_cs_client     = @@character_set_client */;
/*!40101 SET character_set_client = utf8 */;
CREATE TABLE `forum_conversation_topic_subscribers` (
  `id` int(11) NOT NULL AUTO_INCREMENT,
  `topic_id` int(11) NOT NULL,
  `user_id` int(11) NOT NULL,
  PRIMARY KEY (`id`),
  UNIQUE KEY `forum_conversation_topic_topic_id_user_id_b2c961d5_uniq` (`topic_id`,`user_id`),
  KEY `forum_conversation_t_user_id_7e386a79_fk_auth_user` (`user_id`),
  CONSTRAINT `forum_conversation_t_topic_id_34ebca87_fk_forum_con` FOREIGN KEY (`topic_id`) REFERENCES `forum_conversation_topic` (`id`),
  CONSTRAINT `forum_conversation_t_user_id_7e386a79_fk_auth_user` FOREIGN KEY (`user_id`) REFERENCES `auth_user` (`id`)
) ENGINE=InnoDB DEFAULT CHARSET=latin1;
/*!40101 SET character_set_client = @saved_cs_client */;

--
-- Dumping data for table `forum_conversation_topic_subscribers`
--

LOCK TABLES `forum_conversation_topic_subscribers` WRITE;
/*!40000 ALTER TABLE `forum_conversation_topic_subscribers` DISABLE KEYS */;
/*!40000 ALTER TABLE `forum_conversation_topic_subscribers` ENABLE KEYS */;
UNLOCK TABLES;

--
-- Table structure for table `forum_forum`
--

DROP TABLE IF EXISTS `forum_forum`;
/*!40101 SET @saved_cs_client     = @@character_set_client */;
/*!40101 SET character_set_client = utf8 */;
CREATE TABLE `forum_forum` (
  `id` int(11) NOT NULL AUTO_INCREMENT,
  `created` datetime(6) NOT NULL,
  `updated` datetime(6) NOT NULL,
  `name` varchar(100) NOT NULL,
  `slug` varchar(255) NOT NULL,
  `description` longtext,
  `image` varchar(100) DEFAULT NULL,
  `link` varchar(200) DEFAULT NULL,
  `link_redirects` tinyint(1) NOT NULL,
  `type` smallint(5) unsigned NOT NULL,
  `link_redirects_count` int(10) unsigned NOT NULL,
  `last_post_on` datetime(6) DEFAULT NULL,
  `display_sub_forum_list` tinyint(1) NOT NULL,
  `_description_rendered` longtext,
  `lft` int(10) unsigned NOT NULL,
  `rght` int(10) unsigned NOT NULL,
  `tree_id` int(10) unsigned NOT NULL,
  `level` int(10) unsigned NOT NULL,
  `parent_id` int(11) DEFAULT NULL,
  `direct_posts_count` int(10) unsigned NOT NULL,
  `direct_topics_count` int(10) unsigned NOT NULL,
  `last_post_id` int(11) DEFAULT NULL,
  PRIMARY KEY (`id`),
  KEY `forum_forum_slug_b9acc50d` (`slug`),
  KEY `forum_forum_type_30239563` (`type`),
  KEY `forum_forum_lft_ad1dea6a` (`lft`),
  KEY `forum_forum_rght_72abf953` (`rght`),
  KEY `forum_forum_tree_id_84a9227d` (`tree_id`),
  KEY `forum_forum_level_8a349c84` (`level`),
  KEY `forum_forum_parent_id_22edea05` (`parent_id`),
  KEY `forum_forum_last_post_id_81b59e37_fk_forum_conversation_post_id` (`last_post_id`),
  CONSTRAINT `forum_forum_last_post_id_81b59e37_fk_forum_conversation_post_id` FOREIGN KEY (`last_post_id`) REFERENCES `forum_conversation_post` (`id`),
  CONSTRAINT `forum_forum_parent_id_22edea05_fk_forum_forum_id` FOREIGN KEY (`parent_id`) REFERENCES `forum_forum` (`id`)
) ENGINE=InnoDB AUTO_INCREMENT=2 DEFAULT CHARSET=latin1;
/*!40101 SET character_set_client = @saved_cs_client */;

--
-- Dumping data for table `forum_forum`
--

LOCK TABLES `forum_forum` WRITE;
/*!40000 ALTER TABLE `forum_forum` DISABLE KEYS */;
INSERT INTO `forum_forum` VALUES (1,'2018-08-01 19:36:02.653454','2018-08-01 19:44:02.601383','Q&A','qa','A general Q&A forum.','',NULL,0,0,0,'2018-08-01 19:44:02.569120',1,'<p>A general Q&amp;A forum.</p>',1,2,1,0,NULL,2,1,2);
/*!40000 ALTER TABLE `forum_forum` ENABLE KEYS */;
UNLOCK TABLES;

--
-- Table structure for table `forum_member_forumprofile`
--

DROP TABLE IF EXISTS `forum_member_forumprofile`;
/*!40101 SET @saved_cs_client     = @@character_set_client */;
/*!40101 SET character_set_client = utf8 */;
CREATE TABLE `forum_member_forumprofile` (
  `id` int(11) NOT NULL AUTO_INCREMENT,
  `avatar` varchar(100) DEFAULT NULL,
  `signature` longtext,
  `posts_count` int(10) unsigned NOT NULL,
  `_signature_rendered` longtext,
  `user_id` int(11) NOT NULL,
  PRIMARY KEY (`id`),
  UNIQUE KEY `user_id` (`user_id`),
  CONSTRAINT `forum_member_forumprofile_user_id_9d6b9b6b_fk_auth_user_id` FOREIGN KEY (`user_id`) REFERENCES `auth_user` (`id`)
) ENGINE=InnoDB AUTO_INCREMENT=3 DEFAULT CHARSET=latin1;
/*!40101 SET character_set_client = @saved_cs_client */;

--
-- Dumping data for table `forum_member_forumprofile`
--

LOCK TABLES `forum_member_forumprofile` WRITE;
/*!40000 ALTER TABLE `forum_member_forumprofile` DISABLE KEYS */;
INSERT INTO `forum_member_forumprofile` VALUES (1,'',NULL,1,NULL,2),(2,'',NULL,1,NULL,3);
/*!40000 ALTER TABLE `forum_member_forumprofile` ENABLE KEYS */;
UNLOCK TABLES;

--
-- Table structure for table `forum_permission_forumpermission`
--

DROP TABLE IF EXISTS `forum_permission_forumpermission`;
/*!40101 SET @saved_cs_client     = @@character_set_client */;
/*!40101 SET character_set_client = utf8 */;
CREATE TABLE `forum_permission_forumpermission` (
  `id` int(11) NOT NULL AUTO_INCREMENT,
  `codename` varchar(150) NOT NULL,
  `is_global` tinyint(1) NOT NULL,
  `is_local` tinyint(1) NOT NULL,
  PRIMARY KEY (`id`),
  UNIQUE KEY `codename` (`codename`),
  KEY `forum_permission_forumpermission_is_global_5772ce17` (`is_global`),
  KEY `forum_permission_forumpermission_is_local_92cef3ca` (`is_local`)
) ENGINE=InnoDB AUTO_INCREMENT=20 DEFAULT CHARSET=latin1;
/*!40101 SET character_set_client = @saved_cs_client */;

--
-- Dumping data for table `forum_permission_forumpermission`
--

LOCK TABLES `forum_permission_forumpermission` WRITE;
/*!40000 ALTER TABLE `forum_permission_forumpermission` DISABLE KEYS */;
INSERT INTO `forum_permission_forumpermission` VALUES (1,'can_see_forum',1,1),(2,'can_read_forum',1,1),(3,'can_start_new_topics',1,1),(4,'can_reply_to_topics',1,1),(5,'can_post_announcements',1,1),(6,'can_post_stickies',1,1),(7,'can_delete_own_posts',1,1),(8,'can_edit_own_posts',1,1),(9,'can_post_without_approval',1,1),(10,'can_create_polls',1,1),(11,'can_vote_in_polls',1,1),(12,'can_attach_file',1,1),(13,'can_download_file',1,1),(14,'can_lock_topics',0,1),(15,'can_move_topics',0,1),(16,'can_edit_posts',0,1),(17,'can_delete_posts',0,1),(18,'can_approve_posts',0,1),(19,'can_reply_to_locked_topics',0,1);
/*!40000 ALTER TABLE `forum_permission_forumpermission` ENABLE KEYS */;
UNLOCK TABLES;

--
-- Table structure for table `forum_permission_groupforumpermission`
--

DROP TABLE IF EXISTS `forum_permission_groupforumpermission`;
/*!40101 SET @saved_cs_client     = @@character_set_client */;
/*!40101 SET character_set_client = utf8 */;
CREATE TABLE `forum_permission_groupforumpermission` (
  `id` int(11) NOT NULL AUTO_INCREMENT,
  `has_perm` tinyint(1) NOT NULL,
  `forum_id` int(11) DEFAULT NULL,
  `group_id` int(11) NOT NULL,
  `permission_id` int(11) NOT NULL,
  PRIMARY KEY (`id`),
  UNIQUE KEY `forum_permission_groupfo_permission_id_forum_id_g_a1e477c8_uniq` (`permission_id`,`forum_id`,`group_id`),
  KEY `forum_permission_gro_forum_id_d59d5cac_fk_forum_for` (`forum_id`),
  KEY `forum_permission_gro_group_id_b515635b_fk_auth_grou` (`group_id`),
  KEY `forum_permission_groupforumpermission_has_perm_48cae01d` (`has_perm`),
  CONSTRAINT `forum_permission_gro_forum_id_d59d5cac_fk_forum_for` FOREIGN KEY (`forum_id`) REFERENCES `forum_forum` (`id`),
  CONSTRAINT `forum_permission_gro_group_id_b515635b_fk_auth_grou` FOREIGN KEY (`group_id`) REFERENCES `auth_group` (`id`),
  CONSTRAINT `forum_permission_gro_permission_id_2475fe70_fk_forum_per` FOREIGN KEY (`permission_id`) REFERENCES `forum_permission_forumpermission` (`id`)
) ENGINE=InnoDB DEFAULT CHARSET=latin1;
/*!40101 SET character_set_client = @saved_cs_client */;

--
-- Dumping data for table `forum_permission_groupforumpermission`
--

LOCK TABLES `forum_permission_groupforumpermission` WRITE;
/*!40000 ALTER TABLE `forum_permission_groupforumpermission` DISABLE KEYS */;
/*!40000 ALTER TABLE `forum_permission_groupforumpermission` ENABLE KEYS */;
UNLOCK TABLES;

--
-- Table structure for table `forum_permission_userforumpermission`
--

DROP TABLE IF EXISTS `forum_permission_userforumpermission`;
/*!40101 SET @saved_cs_client     = @@character_set_client */;
/*!40101 SET character_set_client = utf8 */;
CREATE TABLE `forum_permission_userforumpermission` (
  `id` int(11) NOT NULL AUTO_INCREMENT,
  `has_perm` tinyint(1) NOT NULL,
  `anonymous_user` tinyint(1) NOT NULL,
  `forum_id` int(11) DEFAULT NULL,
  `permission_id` int(11) NOT NULL,
  `user_id` int(11) DEFAULT NULL,
  PRIMARY KEY (`id`),
  UNIQUE KEY `forum_permission_userfor_permission_id_forum_id_u_024a3693_uniq` (`permission_id`,`forum_id`,`user_id`),
  KEY `forum_permission_use_forum_id_f781f4d6_fk_forum_for` (`forum_id`),
  KEY `forum_permission_use_user_id_8106d02d_fk_auth_user` (`user_id`),
  KEY `forum_permission_userforumpermission_anonymous_user_8aabbd9d` (`anonymous_user`),
  KEY `forum_permission_userforumpermission_has_perm_1b5ee7ac` (`has_perm`),
  CONSTRAINT `forum_permission_use_forum_id_f781f4d6_fk_forum_for` FOREIGN KEY (`forum_id`) REFERENCES `forum_forum` (`id`),
  CONSTRAINT `forum_permission_use_permission_id_9090e930_fk_forum_per` FOREIGN KEY (`permission_id`) REFERENCES `forum_permission_forumpermission` (`id`),
  CONSTRAINT `forum_permission_use_user_id_8106d02d_fk_auth_user` FOREIGN KEY (`user_id`) REFERENCES `auth_user` (`id`)
) ENGINE=InnoDB AUTO_INCREMENT=3 DEFAULT CHARSET=latin1;
/*!40101 SET character_set_client = @saved_cs_client */;

--
-- Dumping data for table `forum_permission_userforumpermission`
--

LOCK TABLES `forum_permission_userforumpermission` WRITE;
/*!40000 ALTER TABLE `forum_permission_userforumpermission` DISABLE KEYS */;
INSERT INTO `forum_permission_userforumpermission` VALUES (1,1,1,NULL,2,NULL),(2,1,1,NULL,1,NULL);
/*!40000 ALTER TABLE `forum_permission_userforumpermission` ENABLE KEYS */;
UNLOCK TABLES;

--
-- Table structure for table `forum_polls_topicpoll`
--

DROP TABLE IF EXISTS `forum_polls_topicpoll`;
/*!40101 SET @saved_cs_client     = @@character_set_client */;
/*!40101 SET character_set_client = utf8 */;
CREATE TABLE `forum_polls_topicpoll` (
  `id` int(11) NOT NULL AUTO_INCREMENT,
  `created` datetime(6) NOT NULL,
  `updated` datetime(6) NOT NULL,
  `question` varchar(255) NOT NULL,
  `duration` int(10) unsigned DEFAULT NULL,
  `max_options` smallint(5) unsigned NOT NULL,
  `user_changes` tinyint(1) NOT NULL,
  `topic_id` int(11) NOT NULL,
  PRIMARY KEY (`id`),
  UNIQUE KEY `topic_id` (`topic_id`),
  CONSTRAINT `forum_polls_topicpol_topic_id_1b827b83_fk_forum_con` FOREIGN KEY (`topic_id`) REFERENCES `forum_conversation_topic` (`id`)
) ENGINE=InnoDB AUTO_INCREMENT=2 DEFAULT CHARSET=latin1;
/*!40101 SET character_set_client = @saved_cs_client */;

--
-- Dumping data for table `forum_polls_topicpoll`
--

LOCK TABLES `forum_polls_topicpoll` WRITE;
/*!40000 ALTER TABLE `forum_polls_topicpoll` DISABLE KEYS */;
INSERT INTO `forum_polls_topicpoll` VALUES (1,'2018-08-01 19:40:32.952397','2018-08-01 19:40:32.955577','',0,1,0,1);
/*!40000 ALTER TABLE `forum_polls_topicpoll` ENABLE KEYS */;
UNLOCK TABLES;

--
-- Table structure for table `forum_polls_topicpolloption`
--

DROP TABLE IF EXISTS `forum_polls_topicpolloption`;
/*!40101 SET @saved_cs_client     = @@character_set_client */;
/*!40101 SET character_set_client = utf8 */;
CREATE TABLE `forum_polls_topicpolloption` (
  `id` int(11) NOT NULL AUTO_INCREMENT,
  `text` varchar(255) NOT NULL,
  `poll_id` int(11) NOT NULL,
  PRIMARY KEY (`id`),
  KEY `forum_polls_topicpol_poll_id_a54cbd58_fk_forum_pol` (`poll_id`),
  CONSTRAINT `forum_polls_topicpol_poll_id_a54cbd58_fk_forum_pol` FOREIGN KEY (`poll_id`) REFERENCES `forum_polls_topicpoll` (`id`)
) ENGINE=InnoDB DEFAULT CHARSET=latin1;
/*!40101 SET character_set_client = @saved_cs_client */;

--
-- Dumping data for table `forum_polls_topicpolloption`
--

LOCK TABLES `forum_polls_topicpolloption` WRITE;
/*!40000 ALTER TABLE `forum_polls_topicpolloption` DISABLE KEYS */;
/*!40000 ALTER TABLE `forum_polls_topicpolloption` ENABLE KEYS */;
UNLOCK TABLES;

--
-- Table structure for table `forum_polls_topicpollvote`
--

DROP TABLE IF EXISTS `forum_polls_topicpollvote`;
/*!40101 SET @saved_cs_client     = @@character_set_client */;
/*!40101 SET character_set_client = utf8 */;
CREATE TABLE `forum_polls_topicpollvote` (
  `id` int(11) NOT NULL AUTO_INCREMENT,
  `timestamp` datetime(6) NOT NULL,
  `poll_option_id` int(11) NOT NULL,
  `voter_id` int(11) DEFAULT NULL,
  `anonymous_key` varchar(100) DEFAULT NULL,
  PRIMARY KEY (`id`),
  KEY `forum_polls_topicpol_poll_option_id_a075b665_fk_forum_pol` (`poll_option_id`),
  KEY `forum_polls_topicpollvote_voter_id_0a287559_fk_auth_user_id` (`voter_id`),
  CONSTRAINT `forum_polls_topicpol_poll_option_id_a075b665_fk_forum_pol` FOREIGN KEY (`poll_option_id`) REFERENCES `forum_polls_topicpolloption` (`id`),
  CONSTRAINT `forum_polls_topicpollvote_voter_id_0a287559_fk_auth_user_id` FOREIGN KEY (`voter_id`) REFERENCES `auth_user` (`id`)
) ENGINE=InnoDB DEFAULT CHARSET=latin1;
/*!40101 SET character_set_client = @saved_cs_client */;

--
-- Dumping data for table `forum_polls_topicpollvote`
--

LOCK TABLES `forum_polls_topicpollvote` WRITE;
/*!40000 ALTER TABLE `forum_polls_topicpollvote` DISABLE KEYS */;
/*!40000 ALTER TABLE `forum_polls_topicpollvote` ENABLE KEYS */;
UNLOCK TABLES;

--
-- Table structure for table `forum_tracking_forumreadtrack`
--

DROP TABLE IF EXISTS `forum_tracking_forumreadtrack`;
/*!40101 SET @saved_cs_client     = @@character_set_client */;
/*!40101 SET character_set_client = utf8 */;
CREATE TABLE `forum_tracking_forumreadtrack` (
  `id` int(11) NOT NULL AUTO_INCREMENT,
  `mark_time` datetime(6) NOT NULL,
  `forum_id` int(11) NOT NULL,
  `user_id` int(11) NOT NULL,
  PRIMARY KEY (`id`),
  UNIQUE KEY `forum_tracking_forumreadtrack_user_id_forum_id_3e64777a_uniq` (`user_id`,`forum_id`),
  KEY `forum_tracking_forum_forum_id_bbd3fb47_fk_forum_for` (`forum_id`),
  KEY `forum_tracking_forumreadtrack_mark_time_72eec39e` (`mark_time`),
  CONSTRAINT `forum_tracking_forum_forum_id_bbd3fb47_fk_forum_for` FOREIGN KEY (`forum_id`) REFERENCES `forum_forum` (`id`),
  CONSTRAINT `forum_tracking_forumreadtrack_user_id_932d4605_fk_auth_user_id` FOREIGN KEY (`user_id`) REFERENCES `auth_user` (`id`)
) ENGINE=InnoDB AUTO_INCREMENT=3 DEFAULT CHARSET=latin1;
/*!40101 SET character_set_client = @saved_cs_client */;

--
-- Dumping data for table `forum_tracking_forumreadtrack`
--

LOCK TABLES `forum_tracking_forumreadtrack` WRITE;
/*!40000 ALTER TABLE `forum_tracking_forumreadtrack` DISABLE KEYS */;
INSERT INTO `forum_tracking_forumreadtrack` VALUES (1,'2018-08-01 19:47:09.679970',1,2),(2,'2018-08-01 19:44:02.702905',1,3);
/*!40000 ALTER TABLE `forum_tracking_forumreadtrack` ENABLE KEYS */;
UNLOCK TABLES;

--
-- Table structure for table `forum_tracking_topicreadtrack`
--

DROP TABLE IF EXISTS `forum_tracking_topicreadtrack`;
/*!40101 SET @saved_cs_client     = @@character_set_client */;
/*!40101 SET character_set_client = utf8 */;
CREATE TABLE `forum_tracking_topicreadtrack` (
  `id` int(11) NOT NULL AUTO_INCREMENT,
  `mark_time` datetime(6) NOT NULL,
  `topic_id` int(11) NOT NULL,
  `user_id` int(11) NOT NULL,
  PRIMARY KEY (`id`),
  UNIQUE KEY `forum_tracking_topicreadtrack_user_id_topic_id_6fe3e105_uniq` (`user_id`,`topic_id`),
  KEY `forum_tracking_topic_topic_id_9a53bd45_fk_forum_con` (`topic_id`),
  KEY `forum_tracking_topicreadtrack_mark_time_7dafc483` (`mark_time`),
  CONSTRAINT `forum_tracking_topic_topic_id_9a53bd45_fk_forum_con` FOREIGN KEY (`topic_id`) REFERENCES `forum_conversation_topic` (`id`),
  CONSTRAINT `forum_tracking_topicreadtrack_user_id_2762562b_fk_auth_user_id` FOREIGN KEY (`user_id`) REFERENCES `auth_user` (`id`)
) ENGINE=InnoDB DEFAULT CHARSET=latin1;
/*!40101 SET character_set_client = @saved_cs_client */;

--
-- Dumping data for table `forum_tracking_topicreadtrack`
--

LOCK TABLES `forum_tracking_topicreadtrack` WRITE;
/*!40000 ALTER TABLE `forum_tracking_topicreadtrack` DISABLE KEYS */;
/*!40000 ALTER TABLE `forum_tracking_topicreadtrack` ENABLE KEYS */;
UNLOCK TABLES;
/*!40103 SET TIME_ZONE=@OLD_TIME_ZONE */;

/*!40101 SET SQL_MODE=@OLD_SQL_MODE */;
/*!40014 SET FOREIGN_KEY_CHECKS=@OLD_FOREIGN_KEY_CHECKS */;
/*!40014 SET UNIQUE_CHECKS=@OLD_UNIQUE_CHECKS */;
/*!40101 SET CHARACTER_SET_CLIENT=@OLD_CHARACTER_SET_CLIENT */;
/*!40101 SET CHARACTER_SET_RESULTS=@OLD_CHARACTER_SET_RESULTS */;
/*!40101 SET COLLATION_CONNECTION=@OLD_COLLATION_CONNECTION */;
/*!40111 SET SQL_NOTES=@OLD_SQL_NOTES */;

-- Dump completed on 2018-08-19  8:59:18
